split,task,crop,dr,model,seq_len,score_mean,score_ci,score_std,fit_seconds,predict_seconds,n_components,epochs,n_runs
random,classification,Carrot,BOTCAST,Decision tree,1,0.7336284650765593,0.028904378106522615,0.04663452508536554,2.4411987682105973,8.432145696133103e-05,7,0.0,10
random,classification,Carrot,BOTCAST,LSTM,1,0.7481607341705192,0.024299415330381796,0.039204846048173175,12.161260154302,0.33788595338119193,7,79.7,10
random,classification,Carrot,BOTCAST,MLP,1,0.75069187828233,0.024219475009014918,0.03907586977653789,5.615822727943305,0.10882676215842364,7,38.0,10
random,classification,Carrot,BOTCAST,RNN GRU,7,0.717436968276756,0.03111195459347704,0.050196244375064,0.9865994561521803,0.0016104536189231501,7,36.8,10
random,classification,Carrot,BOTCAST,Random forest,1,0.7434762582087241,0.016116002307038507,0.026001670442229598,2.4524082800315226,0.00099126158747817,7,0.0,10
random,classification,Carrot,BOTCAST,k-NN,1,0.7223128523280462,0.04652070488934207,0.07505682949329202,2.4410078250220977,0.00219432145240711,7,0.0,10
random,classification,Carrot,Isomap,Decision tree,1,0.6460881303432975,0.04955216292338233,0.07994780501307946,2.8676019150899568,8.467960869893432e-05,22,0.0,10
random,classification,Carrot,Isomap,LSTM,1,0.7113113206724914,0.03196473668391074,0.05157212894321208,7.708535953500541,0.47783285088953564,22,39.2,10
random,classification,Carrot,Isomap,MLP,1,0.717056282722321,0.03619715344815008,0.05840073964835298,11.349447547277668,0.13950298542040396,22,21.1,10
random,classification,Carrot,Isomap,RNN GRU,1,0.7216235107833497,0.029264198571991668,0.0472150619321126,1.7738896422786639,0.000491850124672,22,26.2,10
random,classification,Carrot,Isomap,Random forest,1,0.7002605160818873,0.023069462985258388,0.03722043236243058,2.889052637813923,0.00131065728492099,22,0.0,10
random,classification,Carrot,Isomap,k-NN,1,0.7019029719138017,0.02873759226038682,0.04636543163880049,2.8655786931999803,0.0020696331921498698,22,0.0,10
random,classification,Carrot,KernelPCA,Decision tree,1,0.6950695596911823,0.029852747515634322,0.048164630899662,2.5929434907176376,8.431851747445763e-05,22,0.0,10
random,classification,Carrot,KernelPCA,LSTM,1,0.7161276399860961,0.016524404496151855,0.026660589380493344,10.529403793637176,0.33787768916809,22,67.8,10
random,classification,Carrot,KernelPCA,MLP,1,0.7265697803734392,0.03335334424900325,0.05381251806659618,13.373653048573761,0.12038202336989341,22,35.2,10
random,classification,Carrot,KernelPCA,RNN GRU,1,0.733500285996733,0.024583015189876472,0.039662408038023615,1.3011799870291725,0.00026419584755781,22,70.5,10
random,classification,Carrot,KernelPCA,Random forest,1,0.7081247502324723,0.021071215575769724,0.03399644606522887,2.613245243947798,0.00136132605257438,22,0.0,10
random,classification,Carrot,KernelPCA,k-NN,1,0.7157892293346786,0.02868623124312673,0.04628256541559381,2.5917199477223525,0.00205752250622021,22,0.0,10
random,classification,Carrot,MDS,Decision tree,1,0.7128791772933355,0.03520650355148603,0.05680241820076683,2.967042572123076,0.0001126558228861287,22,0.0,10
random,classification,Carrot,MDS,LSTM,1,0.7418914802669917,0.02209627930503172,0.035650291030174835,8.492428999958793,0.48065941800014117,22,44.7,10
random,classification,Carrot,MDS,MLP,1,0.734143327199897,0.025633647768553435,0.041357505962817155,5.967470120982034,0.13381132470094595,22,41.1,10
random,classification,Carrot,MDS,RNN GRU,1,0.7340274905177278,0.019795152763537962,0.03193763743048798,0.8421234371198807,0.00045714400475839,22,28.0,10
random,classification,Carrot,MDS,Random forest,1,0.7291769502257639,0.016084726684093713,0.025951210134195817,2.9900990173589284,0.0015579510014503799,22,0.0,10
random,classification,Carrot,MDS,k-NN,1,0.7192959900843515,0.019814282420574397,0.031968501352474234,2.96505850207371,0.00223021058482114,22,0.0,10
random,classification,Carrot,No Reduction,Decision tree,1,0.7116866213959264,0.03178104373102603,0.0512757574527847,2.483837976772338,8.710952242836356e-05,134,0.0,10
random,classification,Carrot,No Reduction,LSTM,1,0.7332394255891883,0.021657261428589727,0.03494197652859979,7.761495096993167,0.33342092444654553,134,70.8,10
random,classification,Carrot,No Reduction,MLP,1,0.730052364022866,0.022206475235102822,0.0358280819117592,12.908831000258214,0.13114267938653934,134,29.9,10
random,classification,Carrot,No Reduction,RNN GRU,1,0.7466295957252429,0.017515887755708642,0.028260255381578718,1.6349032779573462,0.0005225943983532099,134,24.4,10
random,classification,Carrot,No Reduction,Random forest,1,0.7362062425463618,0.015252883364227652,0.024609108324413806,2.499293544329703,0.00113799749524328,134,0.0,10
random,classification,Carrot,No Reduction,k-NN,1,0.7167640481897588,0.02686696863028215,0.04334735443672752,2.482422695553396,0.00214502901071677,134,0.0,10
random,classification,Carrot,PCA,Decision tree,1,0.7158399876700737,0.025890881010616,0.041772527868341174,2.557274195041585,8.234060369431973e-05,11,0.0,10
random,classification,Carrot,PCA,LSTM,1,0.7419731075053573,0.0192067829849426,0.030988357529074577,13.372038166603307,0.3655585925094783,11,92.0,10
random,classification,Carrot,PCA,MLP,1,0.737934300166766,0.017888745066843462,0.02886182596598287,14.848644332168623,0.12559457662864582,11,47.3,10
random,classification,Carrot,PCA,RNN GRU,1,0.7406333840286405,0.016244002331272853,0.02620818657342208,1.5353617029148154,0.00048003800911822995,11,26.6,10
random,classification,Carrot,PCA,Random forest,1,0.7140737023295495,0.027457215824959205,0.04429966337433172,2.5786762921915702,0.00140897018136452,11,0.0,10
random,classification,Carrot,PCA,k-NN,1,0.712827460086504,0.02793509286279988,0.04507067351773534,2.556790716715235,0.00225474858889353,11,0.0,10
random,classification,Lettuce,BOTCAST,Decision tree,1,0.8801071930497294,0.012517198488953532,0.02019533528036284,2.403787018182144,8.369946735911071e-05,5,0.0,10
random,classification,Lettuce,BOTCAST,LSTM,1,0.8801071930497294,0.012517198488953532,0.02019533528036284,13.666974156087964,0.37657893534051257,5,89.7,10
random,classification,Lettuce,BOTCAST,MLP,1,0.8801071930497294,0.012517198488953532,0.02019533528036284,15.340195918281097,0.1176829829870257,5,47.6,10
random,classification,Lettuce,BOTCAST,RNN GRU,7,0.8657707279527532,0.022845008507894442,0.036858295944322036,2.3223157445725517,0.0020434882200788098,5,44.2,10
random,classification,Lettuce,BOTCAST,Random forest,1,0.8801071930497294,0.012517198488953532,0.02019533528036284,2.4104381266961963,0.00063153310911726,5,0.0,10
random,classification,Lettuce,BOTCAST,k-NN,1,0.8627858172433474,0.01786499133934796,0.028823501536490638,2.4036327450458583,0.00260852911742399,5,0.0,10
random,classification,Lettuce,Isomap,Decision tree,1,0.8534416860027154,0.018966998807348017,0.030601488065773924,3.1806538244825786,9.07815236132592e-05,22,0.0,10
random,classification,Lettuce,Isomap,LSTM,1,0.8704738326839829,0.019214220633442646,0.031000357483001003,6.845102888671681,0.42398757755872796,22,30.7,10
random,classification,Lettuce,Isomap,MLP,1,0.8714917496959116,0.016274323828775545,0.026257107488817794,10.74591327305534,0.1183695297746453,22,18.7,10
random,classification,Lettuce,Isomap,RNN GRU,1,0.8711603840787083,0.017664069542752722,0.028499332909544723,1.7292441665311344,0.00057836386258709,22,18.4,10
random,classification,Lettuce,Isomap,Random forest,1,0.8640626552883797,0.013189380448553556,0.02127983833873598,3.2031615660700483,0.0013297547004185,22,0.0,10
random,classification,Lettuce,Isomap,k-NN,1,0.8583085124230081,0.02478365802264565,0.03998612658278835,3.1773574038175867,0.00259090891340742,22,0.0,10
random,classification,Lettuce,KernelPCA,Decision tree,1,0.8704353460701441,0.018224551336796735,0.029403618142318427,2.8383439947094304,9.543766500427647e-05,22,0.0,10
random,classification,Lettuce,KernelPCA,LSTM,1,0.8693360383545494,0.017982770629594386,0.0290135274642339,9.95644002247136,0.4024995227402542,22,60.6,10
random,classification,Lettuce,KernelPCA,MLP,1,0.880907860272415,0.01241364799143394,0.020028266185972268,12.098903753102059,0.12130596068454902,22,23.1,10
random,classification,Lettuce,KernelPCA,RNN GRU,1,0.876406788863029,0.01805806419498626,0.029135006627393635,1.274641405028524,0.00027378273080100004,22,60.0,10
random,classification,Lettuce,KernelPCA,Random forest,1,0.8693953254879616,0.01676810161297733,0.027053772007220186,2.8563184239028487,0.0011705435346811399,22,0.0,10
random,classification,Lettuce,KernelPCA,k-NN,1,0.8616988439644157,0.024003029224835954,0.03872665463983033,2.8362059888255318,0.00258563905372279,22,0.0,10
random,classification,Lettuce,MDS,Decision tree,1,0.8551114021602766,0.019145208653982292,0.030889013074362506,3.2171931085739445,9.883466991593805e-05,22,0.0,10
random,classification,Lettuce,MDS,LSTM,1,0.8780243255818496,0.015760609488962057,0.025428277192644122,7.728062622365542,0.5114132948394399,22,36.7,10
random,classification,Lettuce,MDS,MLP,1,0.876231652183038,0.01524759243780385,0.024600571906846655,12.508080355875427,0.14707763514597896,22,33.8,10
random,classification,Lettuce,MDS,RNN GRU,1,0.8767148626662487,0.015430624418888872,0.02489587698076581,1.8635813365748617,0.00055570162367069,22,23.4,10
random,classification,Lettuce,MDS,Random forest,1,0.8785846848722327,0.012357994821210446,0.019938474973260376,3.237163085104354,0.0012100708961951998,22,0.0,10
random,classification,Lettuce,MDS,k-NN,1,0.8600124361333558,0.019775127557494443,0.03190532862349224,3.2144530542233647,0.00256606187904247,22,0.0,10
random,classification,Lettuce,No Reduction,Decision tree,1,0.8710336542675703,0.016364098070491297,0.026401949876081174,2.5556526889597686,8.881057146936655e-05,132,0.0,10
random,classification,Lettuce,No Reduction,LSTM,1,0.8726328926644451,0.017370642126806366,0.028025915071622203,8.691829283966218,0.3298720385355409,132,77.2,10
random,classification,Lettuce,No Reduction,MLP,1,0.8780662140175999,0.013966857853643494,0.02253422580271639,23.446581453923137,0.12120307721779677,132,28.2,10
random,classification,Lettuce,No Reduction,RNN GRU,1,0.8744314779086876,0.016126826286173297,0.026019133925603073,2.3310473975667265,0.00060198887949803,132,24.4,10
random,classification,Lettuce,No Reduction,Random forest,1,0.8713974741723896,0.018843108171385414,0.030401602050259352,2.568124039253841,0.00092499797465275,132,0.0,10
random,classification,Lettuce,No Reduction,k-NN,1,0.8669761908989633,0.02106868027819049,0.03399235559844485,2.553987055787972,0.0026890159118919997,132,0.0,10
random,classification,Lettuce,PCA,Decision tree,1,0.8684343484137889,0.02321020285401084,0.0374475030475586,2.6348011926728456,8.369451388716698e-05,14,0.0,10
random,classification,Lettuce,PCA,LSTM,1,0.8780662140175999,0.013966857853643494,0.02253422580271639,15.044845090527087,0.35221168358693833,14,98.5,10
random,classification,Lettuce,PCA,MLP,1,0.8815790545215908,0.012652320257650196,0.020413341683705642,23.956363122974288,0.15223817664664235,14,34.9,10
random,classification,Lettuce,PCA,RNN GRU,1,0.8801071930497294,0.012517198488953532,0.02019533528036284,2.152501366107026,0.0005642096861265199,14,23.2,10
random,classification,Lettuce,PCA,Random forest,1,0.8803741985816501,0.01480147657154733,0.02388080545903556,2.652646275799877,0.00111573137692171,14,0.0,10
random,classification,Lettuce,PCA,k-NN,1,0.8652619146564005,0.022413520698875946,0.03616213050600866,2.6340365200516924,0.00278087518527169,14,0.0,10
random,classification,Onion,BOTCAST,Decision tree,1,0.7606578248922117,0.016610392353090406,0.02679932278816811,2.5359132013962755,8.136057294905186e-05,8,0.0,10
random,classification,Onion,BOTCAST,LSTM,1,0.7384743485654928,0.030784337559415804,0.04966766476899127,13.40190999211045,0.3752545016934164,8,76.1,10
random,classification,Onion,BOTCAST,MLP,1,0.7820825318945898,0.021934276161551483,0.03538891402940719,27.19672737674555,0.13765693047898817,8,55.4,10
random,classification,Onion,BOTCAST,RNN GRU,7,0.765215574962409,0.025427702179292917,0.041025231913771824,4.404974538605893,0.0030961073178331798,8,47.7,10
random,classification,Onion,BOTCAST,Random forest,1,0.7985900964163762,0.022146385439048837,0.03573113261601143,2.553483690173986,0.0012274934852029699,8,0.0,10
random,classification,Onion,BOTCAST,k-NN,1,0.7705429897531786,0.015068323364809271,0.024311337935066117,2.5358214136892157,0.0038984960061497704,8,0.0,10
random,classification,Onion,Isomap,Decision tree,1,0.7645089092208646,0.023404126681441623,0.037760381102282435,4.2779310453799555,0.00010101661318911493,22,0.0,10
random,classification,Onion,Isomap,LSTM,1,0.7926581182881648,0.017709982872797028,0.028573409796229937,7.05654260275187,0.5116686811263207,22,26.1,10
random,classification,Onion,Isomap,MLP,1,0.7874412715983947,0.02172186544734693,0.03504620910271868,17.613812940270872,0.13853469867608506,22,20.1,10
random,classification,Onion,Isomap,RNN GRU,1,0.7997525556283422,0.019925040424274454,0.03214719908756888,2.8890668267034925,0.00076272502192291,22,16.9,10
random,classification,Onion,Isomap,Random forest,1,0.7998459932158039,0.01934393873962977,0.03120964557959025,4.322606908733723,0.0017809850513003302,22,0.0,10
random,classification,Onion,Isomap,k-NN,1,0.8051325412143349,0.018247835261207043,0.029441184588238706,4.271523790934589,0.00413366338470947,22,0.0,10
random,classification,Onion,KernelPCA,Decision tree,1,0.7790956810768366,0.016260751253417506,0.026235209401141397,3.3512156217456015,9.585050866007147e-05,22,0.0,10
random,classification,Onion,KernelPCA,LSTM,1,0.8002933612272825,0.01712248787888392,0.02762554127851964,10.260041129856836,0.3727430286118761,22,53.5,10
random,classification,Onion,KernelPCA,MLP,1,0.7901589131129708,0.020684811075745598,0.03337301835185399,21.12088647292112,0.12896631809417153,22,26.4,10
random,classification,Onion,KernelPCA,RNN GRU,1,0.7944776560866889,0.02024690887367327,0.032666503887082594,2.1124533255351707,0.00035702546592797,22,54.9,10
random,classification,Onion,KernelPCA,Random forest,1,0.7977589757438596,0.024070569504977376,0.038835624598530724,3.378927174406514,0.00138792332145379,22,0.0,10
random,classification,Onion,KernelPCA,k-NN,1,0.8044053494037637,0.02144417141451514,0.03459817561476666,3.3463565374646955,0.00404317487264048,22,0.0,10
random,classification,Onion,MDS,Decision tree,1,0.8007038527441228,0.017392323186222254,0.02806089544398938,4.6633921057567935,0.0001025506237055775,22,0.0,10
random,classification,Onion,MDS,LSTM,1,0.792993594536817,0.020084776684243508,0.0324049186826806,7.540528683742741,0.6020808284287341,22,27.6,10
random,classification,Onion,MDS,MLP,1,0.7991476706811604,0.0203137755639261,0.03277438707116215,17.87786553215701,0.12779494907590555,22,32.5,10
random,classification,Onion,MDS,RNN GRU,1,0.7988139873307152,0.021524539502258133,0.03472784204765445,3.543937643081881,0.0008166922780219099,22,23.9,10
random,classification,Onion,MDS,Random forest,1,0.7991122061956119,0.019346628447638188,0.031213985173236872,4.701888224942377,0.0016061826550866902,22,0.0,10
random,classification,Onion,MDS,k-NN,1,0.8073016838741207,0.019593213240158926,0.03161182679605606,4.657701441459357,0.0040913771023042,22,0.0,10
random,classification,Onion,No Reduction,Decision tree,1,0.7811988371752399,0.0234260268737095,0.03779571502512024,2.9314042638851485,9.891456575131504e-05,135,0.0,10
random,classification,Onion,No Reduction,LSTM,1,0.7931080055405771,0.015082890745679166,0.024334841048888597,8.707626494026044,0.3311094535922166,135,57.2,10
random,classification,Onion,No Reduction,MLP,1,0.7888181799724656,0.025291986044547788,0.04080626655610401,22.155477487435565,0.1375784606148954,135,23.8,10
random,classification,Onion,No Reduction,RNN GRU,1,0.7909234548283981,0.02820190650823989,0.045501152512838886,2.8689996476809028,0.0009386780846397701,135,23.2,10
random,classification,Onion,No Reduction,Random forest,1,0.7978073806749666,0.025396502172988358,0.040974893606152474,2.9521177139928723,0.00136678601847956,135,0.0,10
random,classification,Onion,No Reduction,k-NN,1,0.8065303232228598,0.018084550996097137,0.02917774061690501,2.92750758115241,0.00460640070959921,135,0.0,10
random,classification,Onion,PCA,Decision tree,1,0.7751828949873198,0.02738939652707219,0.04419024324645603,3.2806368247023783,9.309847955591094e-05,18,0.0,10
random,classification,Onion,PCA,LSTM,1,0.8034484854961292,0.015854778824231038,0.02558021065447781,10.797034687374254,0.3776062326913234,18,58.1,10
random,classification,Onion,PCA,MLP,1,0.798099595339807,0.024342066893658382,0.03927366037762254,21.667050319851842,0.13006660669343542,18,27.8,10
random,classification,Onion,PCA,RNN GRU,1,0.7967523719729819,0.020857313836233946,0.03365133550787931,3.2706770299118944,0.00075660791480908,18,29.8,10
random,classification,Onion,PCA,Random forest,1,0.8040738815649077,0.020032984268919963,0.03232135643883172,3.312374327989528,0.0014848103048279398,18,0.0,10
random,classification,Onion,PCA,k-NN,1,0.8033557521553119,0.02120476730718465,0.03421191935947901,3.2765013275959065,0.00404731583548705,18,0.0,10
random,regression,Carrot,BOTCAST,Decision tree,1,0.24465577192854315,0.04871970747529968,0.07860471559136663,1.9583893692237324,7.442252826876939e-05,7,0.0,10
random,regression,Carrot,BOTCAST,LSTM,1,0.20427892804145809,0.03754545503789749,0.06057609883020387,6.609122933394974,0.31145808082656,7,61.0,10
random,regression,Carrot,BOTCAST,MLP,1,0.2185842931270599,0.06481973183201441,0.10458060709718592,2.2692083090369124,0.09005957807530646,7,15.5,10
random,regression,Carrot,BOTCAST,RNN GRU,7,0.22200763821601868,0.05594913731379128,0.09026872807810984,1.3031503797101323,0.00155654600821432,7,37.1,10
random,regression,Carrot,BOTCAST,Random forest,1,0.23097878066295272,0.0390681944573431,0.06303289722222968,1.9753725188435056,0.0016700556967407,7,0.0,10
random,regression,Carrot,BOTCAST,k-NN,1,0.15141463279724116,0.03167164175135471,0.05109924753630874,1.9581869720190297,0.00049765910371201,7,0.0,10
random,regression,Carrot,Isomap,Decision tree,1,0.10763551037360938,0.04578167274396488,0.07386446987927538,2.373060896453292,7.96196109149605e-05,22,0.0,10
random,regression,Carrot,Isomap,LSTM,1,-0.011252474784851108,0.13121414513152296,0.21170181624872786,5.333172776584979,0.3384560322912875,22,34.2,10
random,regression,Carrot,Isomap,MLP,1,0.017862153053283675,0.11819047554104321,0.1906893369633256,2.6221750526630787,0.09488198891049246,22,17.4,10
random,regression,Carrot,Isomap,RNN GRU,1,0.20987919569015498,0.054630352061646376,0.08814099076106016,0.5564769773103763,0.00042377863428549997,22,18.8,10
random,regression,Carrot,Isomap,Random forest,1,0.201037879684485,0.042006051982589505,0.06777285702878288,2.3977493785864983,0.00196695659542452,22,0.0,10
random,regression,Carrot,Isomap,k-NN,1,0.19692705273628233,0.06821056121159207,0.11005139485049253,2.371316817381497,0.00043415560503488,22,0.0,10
random,regression,Carrot,KernelPCA,Decision tree,1,0.16484747707432454,0.07136987479991862,0.11514865341265144,2.1232066800216365,7.686750614084303e-05,22,0.0,10
random,regression,Carrot,KernelPCA,LSTM,1,-0.01559550166130064,0.08828052257694148,0.14243241039441445,5.155659356305842,0.4019920939870644,22,26.3,10
random,regression,Carrot,KernelPCA,MLP,1,0.16408809423446655,0.0876468117788593,0.14140997697615793,2.7212461691116916,0.09538720050477419,22,15.3,10
random,regression,Carrot,KernelPCA,RNN GRU,1,0.22553084492683406,0.04618228820918617,0.07451082566294234,0.26416991562000475,0.00026428772252979,22,25.6,10
random,regression,Carrot,KernelPCA,Random forest,1,0.21811645138899602,0.042291762737745923,0.06823382475240584,2.139288256891693,0.00149627286591561,22,0.0,10
random,regression,Carrot,KernelPCA,k-NN,1,0.20048083662986754,0.0673560354851531,0.10867269708786141,2.1221198890688053,0.00042953106458295,22,0.0,10
random,regression,Carrot,MDS,Decision tree,1,0.21396041915743588,0.06726448328241273,0.10852498612588941,2.3639233990223145,8.108647307381034e-05,22,0.0,10
random,regression,Carrot,MDS,LSTM,1,0.04587920904159544,0.0635259461567453,0.10249320427170153,4.531141378288157,0.3358902779116761,22,23.2,10
random,regression,Carrot,MDS,MLP,1,0.17460077404975888,0.055011698166537414,0.088756257224473,2.419946453650482,0.09473021750454788,22,15.5,10
random,regression,Carrot,MDS,RNN GRU,1,0.22927746772766108,0.05648853079437036,0.09113898927896479,0.7439305685460568,0.00042137569980689997,22,26.1,10
random,regression,Carrot,MDS,Random forest,1,0.2363941570054801,0.04685599057036973,0.07559778174782675,2.3847679063503167,0.00173577622044826,22,0.0,10
random,regression,Carrot,MDS,k-NN,1,0.2102596521377563,0.07230182423611377,0.11665226712820577,2.362157288537128,0.00040620074141767,22,0.0,10
random,regression,Carrot,No Reduction,Decision tree,1,0.22936672047671464,0.0489837624585714,0.07903074374170148,2.1106492616837693,8.564950549043715e-05,134,0.0,10
random,regression,Carrot,No Reduction,LSTM,1,-0.024257266521453873,0.16812339793473943,0.27125146195950267,5.541471177624771,0.4398387910623569,134,26.7,10
random,regression,Carrot,No Reduction,MLP,1,0.1874098598957062,0.09090062011588673,0.1466596940244495,2.8871776411833707,0.10538166913902385,134,15.5,10
random,regression,Carrot,No Reduction,RNN GRU,1,0.21896452903747554,0.050254607144105644,0.08108113341446097,0.599215512763476,0.0005038711067754099,134,22.8,10
random,regression,Carrot,No Reduction,Random forest,1,0.2330880037132172,0.049892711075229884,0.08049724777471173,2.1244325495751886,0.00138434072141532,134,0.0,10
random,regression,Carrot,No Reduction,k-NN,1,0.1960104465484619,0.06562477056899407,0.10587946220612517,2.1093113680622384,0.00054855243652123,134,0.0,10
random,regression,Carrot,PCA,Decision tree,1,0.19704221211493608,0.03431310057955809,0.0553609956193098,2.109667949535651,7.993162726052105e-05,11,0.0,10
random,regression,Carrot,PCA,LSTM,1,0.0824096620082855,0.07716627446348935,0.12450060502771126,5.4316004763182715,0.3444361464004032,11,28.4,10
random,regression,Carrot,PCA,MLP,1,0.21147404909133907,0.04892855683046573,0.07894167459656161,2.719137598160887,0.09769886778085488,11,14.8,10
random,regression,Carrot,PCA,RNN GRU,1,0.22150505185127253,0.06030287433142164,0.0972930777256101,0.6485931789444294,0.00041317860595878,11,25.5,10
random,regression,Carrot,PCA,Random forest,1,0.2315079268165643,0.04619405952490268,0.0745298175857592,2.1268860163749195,0.00158581029390911,11,0.0,10
random,regression,Carrot,PCA,k-NN,1,0.19712371826171873,0.0703180618979838,0.11345165114608749,2.1092400666617324,0.0006881815032101499,11,0.0,10
random,regression,Lettuce,BOTCAST,Decision tree,1,0.4374331325540831,0.019416927250953526,0.03132740575245151,2.0266678010753822,8.197053684852037e-05,5,0.0,10
random,regression,Lettuce,BOTCAST,LSTM,1,0.4383996605873108,0.019248718675742512,0.03105601686488083,12.25918600067962,0.38661122333141973,5,101.3,10
random,regression,Lettuce,BOTCAST,MLP,1,0.4890851259231567,0.02173977395720572,0.03507510281733773,3.50658774675685,0.11113551812013607,5,18.3,10
random,regression,Lettuce,BOTCAST,RNN GRU,7,0.6718711137771607,0.030242028736369442,0.04879269993428126,1.8123384255217387,0.0019421937409787801,5,36.8,10
random,regression,Lettuce,BOTCAST,Random forest,1,0.5061059991092526,0.017711259418452658,0.02857546938388759,2.0347810856532305,0.0008822853793389599,5,0.0,10
random,regression,Lettuce,BOTCAST,k-NN,1,0.5224736750125885,0.0499591386599802,0.08060442250291314,2.0263992000196596,0.0005140345427207,5,0.0,10
random,regression,Lettuce,Isomap,Decision tree,1,0.6289375685777587,0.04499010318369349,0.07258734603391029,2.6901984403899406,9.955270797943668e-05,22,0.0,10
random,regression,Lettuce,Isomap,LSTM,1,0.6547864496707916,0.03429152336372926,0.05532618278890973,9.34408379237866,0.4767476435925346,22,52.5,10
random,regression,Lettuce,Isomap,MLP,1,0.6885173738002777,0.02440762698357154,0.039379435483607755,3.56680646398454,0.13626201880397273,22,17.9,10
random,regression,Lettuce,Isomap,RNN GRU,1,0.6900513529777527,0.0346693314435964,0.05593574097809084,0.9893908197002019,0.00049643327365623,22,24.4,10
random,regression,Lettuce,Isomap,Random forest,1,0.6890103893934689,0.03681811449990228,0.0594026025370217,2.7224947268667163,0.0022549346205778,22,0.0,10
random,regression,Lettuce,Isomap,k-NN,1,0.7018291592597962,0.0324219781069924,0.052309845441944065,2.6870305568911137,0.00051255637663411,22,0.0,10
random,regression,Lettuce,KernelPCA,Decision tree,1,0.6865772592404594,0.03281523745235466,0.0529443328105622,2.3301960682554634,9.084765915758137e-05,22,0.0,10
random,regression,Lettuce,KernelPCA,LSTM,1,0.6562504708766937,0.037984423623629776,0.06128433380580433,9.403145018772921,0.475501261203317,22,51.3,10
random,regression,Lettuce,KernelPCA,MLP,1,0.6838105082511902,0.02941806205050625,0.047463306340695455,3.4017252986726816,0.13127166068879884,22,17.5,10
random,regression,Lettuce,KernelPCA,RNN GRU,1,0.67763751745224,0.03944135668559306,0.0636349597620325,0.33167015834478664,0.00029194079106668,22,23.8,10
random,regression,Lettuce,KernelPCA,Random forest,1,0.7096478166449461,0.03205454988871593,0.05171703419379548,2.354862817731919,0.0019129797990898902,22,0.0,10
random,regression,Lettuce,KernelPCA,k-NN,1,0.7049143612384796,0.032938800783155975,0.0531436907496484,2.3277955997502433,0.00050917722983281,22,0.0,10
random,regression,Lettuce,MDS,Decision tree,1,0.6558099852005677,0.04641256361807964,0.07488235361254944,2.704019729977396,9.676572517490046e-05,22,0.0,10
random,regression,Lettuce,MDS,LSTM,1,0.6526889979839325,0.04024270789905456,0.06492786539482746,8.426599536446156,0.41742661226307975,22,46.1,10
random,regression,Lettuce,MDS,MLP,1,0.6826570928096771,0.03928336081240883,0.06338004811908898,3.574428739846917,0.10723729586461557,22,18.4,10
random,regression,Lettuce,MDS,RNN GRU,1,0.6850664258003235,0.032553837204152135,0.052522587828290085,0.8700108339078725,0.0004960921360179299,22,19.9,10
random,regression,Lettuce,MDS,Random forest,1,0.7035068592946422,0.035301686136890074,0.05695598644743023,2.732104778334421,0.00202394309453662,22,0.0,10
random,regression,Lettuce,MDS,k-NN,1,0.6998930037021637,0.036925877369692335,0.05957646790219141,2.700921962815725,0.00051522950525391,22,0.0,10
random,regression,Lettuce,No Reduction,Decision tree,1,0.69044669121546,0.03669193794421267,0.05919902840268787,2.199906052802301,9.383262949994721e-05,132,0.0,10
random,regression,Lettuce,No Reduction,LSTM,1,0.653352802991867,0.03908619445115113,0.06306193853769003,8.319644267455441,0.5204294787719845,132,42.2,10
random,regression,Lettuce,No Reduction,MLP,1,0.6820741713047027,0.03221265717960156,0.05197212559883497,3.4107245411549227,0.13120626743766475,132,17.0,10
random,regression,Lettuce,No Reduction,RNN GRU,1,0.6823921740055084,0.03484746411776622,0.05622314147608743,0.7036327624635306,0.00052933828555974,132,19.8,10
random,regression,Lettuce,No Reduction,Random forest,1,0.710458770320815,0.033698420435529494,0.054369266390937,2.2203905030871587,0.00183272030553776,132,0.0,10
random,regression,Lettuce,No Reduction,k-NN,1,0.7038856208324432,0.034975862962476977,0.05643030106701613,2.197560365523289,0.00070338040241035,132,0.0,10
random,regression,Lettuce,PCA,Decision tree,1,0.6800749668643772,0.029284428486452407,0.04724770101709538,2.216657192851805,9.793989593162011e-05,14,0.0,10
random,regression,Lettuce,PCA,LSTM,1,0.6380114436149598,0.032475142163527496,0.052395620701283285,8.142320863710484,0.47946518508251756,14,41.4,10
random,regression,Lettuce,PCA,MLP,1,0.651673549413681,0.05900671567117065,0.09520184630961756,3.04183238792466,0.13429772886447605,14,14.5,10
random,regression,Lettuce,PCA,RNN GRU,1,0.6890699088573455,0.03134719355887761,0.05057578056133304,0.7905996740446426,0.0004891982069238599,14,22.7,10
random,regression,Lettuce,PCA,Random forest,1,0.710822997177275,0.033147833626447784,0.053480945795864314,2.2408570672773447,0.0020106266019865398,14,0.0,10
random,regression,Lettuce,PCA,k-NN,1,0.6964209496974945,0.03972278891141383,0.06408902447660622,2.2155633677185205,0.00076172399567434,14,0.0,10
random,regression,Onion,BOTCAST,Decision tree,1,0.3342782731592461,0.04913131187126025,0.07926880099247541,2.1060850460392735,8.350375574082137e-05,8,0.0,10
random,regression,Onion,BOTCAST,LSTM,1,0.3651854217052459,0.06962169766667864,0.11232813224200755,16.869772093859503,0.3349161803431343,8,111.7,10
random,regression,Onion,BOTCAST,MLP,1,0.42423105239868164,0.044754048248594094,0.07220649335644229,3.674966629385017,0.12419910879107188,8,19.3,10
random,regression,Onion,BOTCAST,RNN GRU,7,0.4420782208442688,0.05668197916761664,0.09145110023259367,2.8314942816272377,0.0027825661527457997,8,34.0,10
random,regression,Onion,BOTCAST,Random forest,1,0.3776721356488017,0.04299883074890121,0.06937461320949562,2.12458515475931,0.0018090645724441498,8,0.0,10
random,regression,Onion,BOTCAST,k-NN,1,0.4448457837104797,0.05183190212792077,0.08362595213426414,2.1059497673433123,0.0007608678715768701,8,0.0,10
random,regression,Onion,Isomap,Decision tree,1,0.34156211669567893,0.03604145592555905,0.05814953618027483,3.6991688580038806,0.00010695959790605299,22,0.0,10
random,regression,Onion,Isomap,LSTM,1,0.37776277661323543,0.052134121086278754,0.08411355430798602,11.039919341902714,0.4792809912585653,22,53.7,10
random,regression,Onion,Isomap,MLP,1,0.43737053871154785,0.04225320359899236,0.06817161316920395,4.351724036713131,0.12793930172338144,22,19.8,10
random,regression,Onion,Isomap,RNN GRU,1,0.4644422233104706,0.03928406101263694,0.06338117782701705,1.8906002124829684,0.00066694648121478,22,24.3,10
random,regression,Onion,Isomap,Random forest,1,0.4379334979306916,0.03429987694137581,0.05533966050930472,3.734775601049963,0.0021416412258985903,22,0.0,10
random,regression,Onion,Isomap,k-NN,1,0.4717496633529663,0.03644118674201515,0.05879446466545849,3.6930308245432877,0.0008626006718258901,22,0.0,10
random,regression,Onion,KernelPCA,Decision tree,1,0.4329707771950015,0.051353129236167375,0.08285349661391415,2.7154356748001494,0.00010364950285288506,22,0.0,10
random,regression,Onion,KernelPCA,LSTM,1,0.37722949385643,0.051412245325384846,0.08294887492426567,9.634160548896762,0.48193201614776626,22,47.0,10
random,regression,Onion,KernelPCA,MLP,1,0.46331708431243895,0.04411923890437522,0.07118228753619253,3.632386351254536,0.12131630319054235,22,18.6,10
random,regression,Onion,KernelPCA,RNN GRU,1,0.4690038859844208,0.0471933173489206,0.07614202712333083,0.8820728204853368,0.00035057513159694,22,37.0,10
random,regression,Onion,KernelPCA,Random forest,1,0.49339205262727515,0.030706788017866037,0.04954254579817543,2.7515447906819945,0.00236871154629619,22,0.0,10
random,regression,Onion,KernelPCA,k-NN,1,0.4709935367107391,0.03896838934487412,0.06287187095818314,2.7107002558904547,0.00089562806533645,22,0.0,10
random,regression,Onion,MDS,Decision tree,1,0.3995568606148424,0.043612418545260996,0.07036458003652651,4.154090950306272,0.00011294670403000457,22,0.0,10
random,regression,Onion,MDS,LSTM,1,0.411238306760788,0.050285208545212415,0.08113050592828233,12.442889400635613,0.3828790961997583,22,69.4,10
random,regression,Onion,MDS,MLP,1,0.44806726574897765,0.05543553037258985,0.0894400710596054,4.333848769357428,0.11132698370493015,22,18.0,10
random,regression,Onion,MDS,RNN GRU,1,0.46256816387176514,0.04780486522667346,0.07712870273146412,2.1455697202298323,0.00066407446865918,22,23.7,10
random,regression,Onion,MDS,Random forest,1,0.4633785138640982,0.04066399467906274,0.06560757242183977,4.1886291284346955,0.00217455310630606,22,0.0,10
random,regression,Onion,MDS,k-NN,1,0.473332953453064,0.043818173854064744,0.07069654708575669,4.148226876743138,0.00087456845794799,22,0.0,10
random,regression,Onion,No Reduction,Decision tree,1,0.44400986519260865,0.04030638245958592,0.06503059837456693,2.4839192851951037,0.00010650768526825967,135,0.0,10
random,regression,Onion,No Reduction,LSTM,1,0.3852393209934234,0.05363812246479558,0.08654012061418305,8.987655018450459,0.6036743980308529,135,39.8,10
random,regression,Onion,No Reduction,MLP,1,0.46205285787582395,0.04491942788811871,0.07247331801946036,3.746911943750456,0.12860740268370133,135,19.4,10
random,regression,Onion,No Reduction,RNN GRU,1,0.47329376339912416,0.04860955870315364,0.07842700079470723,1.5883059251005762,0.00076436110539355,135,26.2,10
random,regression,Onion,No Reduction,Random forest,1,0.49729186641819145,0.03257495905018298,0.052556665961884394,2.5050698258312574,0.0017948325199540298,135,0.0,10
random,regression,Onion,No Reduction,k-NN,1,0.4831870675086975,0.03801682466424388,0.06133660987054932,2.479419098745954,0.00147792267962354,135,0.0,10
random,regression,Onion,PCA,Decision tree,1,0.44677464872877193,0.045544410130314135,0.07348166872481575,2.648038064845605,0.00011803692323152986,18,0.0,10
random,regression,Onion,PCA,LSTM,1,0.40412543416023256,0.04727057263659304,0.07626667134289024,15.683666446281132,0.5094391991384327,18,86.1,10
random,regression,Onion,PCA,MLP,1,0.45898528695106505,0.05532881660808715,0.08926789832821795,3.7117256599420214,0.12707039397791955,18,18.7,10
random,regression,Onion,PCA,RNN GRU,1,0.45476220846176146,0.0470998600231516,0.07599124242258676,1.8611832694557962,0.00063357482431451,18,32.2,10
random,regression,Onion,PCA,Random forest,1,0.507378603506606,0.03095216408335285,0.049938437252373874,2.6862486831785644,0.00255849679233502,18,0.0,10
random,regression,Onion,PCA,k-NN,1,0.4732182562351227,0.04120284870042058,0.06647696325542743,2.644151883426821,0.0009199788910336199,18,0.0,10
